Name,Vnom (kV),r (ohm/km),x (ohm/km),b (uS/km),r0 (ohm/km),x0 (ohm/km),b0 (uS/km),Imax (kA)
line 400,400,0.02576,0.27664,4.15875,0.27808,0.884,2.21025,2.59807621135332
line 220,220,0.0462704,0.3154712,3.67561983471074,0.31339,0.8945288,2.07830578512397,4.7237749297333
cable 220,220,0.00012584,0.0015488,0.785330578512397,0.0022748,0.0088088,0.785330578512397,4.7237749297333
