{
  "Bus": [
    {
      "idx": 1,
      "u": 1.0,
      "name": 1,
      "Vn": 10.0,
      "vmax": 1.1,
      "vmin": 0.9,
      "v0": 1.0,
      "a0": 0.5702549171626017,
      "xcoord": 0,
      "ycoord": 0,
      "area": 1,
      "zone": 1,
      "owner": 1
    },
    {
      "idx": 2,
      "u": 1.0,
      "name": 2,
      "Vn": 10.0,
      "vmax": 1.1,
      "vmin": 0.9,
      "v0": 0.99761,
      "a0": 0.3687461830443478,
      "xcoord": 0,
      "ycoord": 0,
      "area": 1,
      "zone": 1,
      "owner": 1
    },
    {
      "idx": 3,
      "u": 1.0,
      "name": 3,
      "Vn": 10.0,
      "vmax": 1.1,
      "vmin": 0.9,
      "v0": 1.0,
      "a0": 0.5702549171626017,
      "xcoord": 0,
      "ycoord": 0,
      "area": 1,
      "zone": 1,
      "owner": 1
    }
  ],
  "PQ": [
    {
      "idx": "PQ_0",
      "u": 1.0,
      "name": null,
      "bus": 2,
      "Vn": 10.0,
      "p0": 10,
      "q0": 10,
      "vmax": 1.1,
      "vmin": 0.9,
      "owner": 1
    }
  ],
  "Slack": [
    {
      "idx": 1,
      "u": 1.0,
      "name": null,
      "Sn": 900.0,
      "Vn": 10.0,
      "bus": 1,
      "busr": null,
      "p0": 10,
      "q0": 1.43612,
      "pmax": 9.0,
      "pmin": 0.0,
      "qmax": 6.0,
      "qmin": 0.0,
      "v0": 1.0,
      "vmax": 1.4,
      "vmin": 0.6,
      "ra": 0.0,
      "xs": 0.25,
      "a0": 0.5702549171626017
    }
  ],
  "PV": [
    {
      "idx": 3,
      "u": 1.0,
      "name": 3,
      "Sn": 900.0,
      "Vn": 10.0,
      "bus": 3,
      "busr": null,
      "p0": 0.4,
      "q0": 0.15,
      "pmax": 0.5,
      "pmin": 0.1,
      "qmax": 0.15,
      "qmin": -0.4,
      "v0": 1.03,
      "vmax": 1.4,
      "vmin": 0.6,
      "ra": 0.0,
      "xs": 0.13
    }
    ],
  "Line": [
    {
      "idx": "Line_0",
      "u": 1.0,
      "name": null,
      "bus1": 1,
      "bus2": 2,
      "Sn": 900.0,
      "fn": 50.0,
      "Vn1": 10.0,
      "Vn2": 10.0,
      "r": 0.029585798816568046,
      "x": 0.07100591715976332,
      "b": 0.03,
      "g": 0.0,
      "b1": 0.0,
      "g1": 0.0,
      "b2": 0.0,
      "g2": 0.0,
      "trans": 0.0,
      "tap": 1.0,
      "phi": 0.0,
      "owner": null,
      "xcoord": null,
      "ycoord": null
    },
     {
      "idx": "Line_1",
      "u": 1.0,
      "name": null,
      "bus1": 2,
      "bus2": 3,
      "Sn": 900.0,
      "fn": 50.0,
      "Vn1": 10.0,
      "Vn2": 10.0,
      "r": 0.029585798816568046,
      "x": 0.07100591715976332,
      "b": 0.03,
      "g": 0.0,
      "b1": 0.0,
      "g1": 0.0,
      "b2": 0.0,
      "g2": 0.0,
      "trans": 0.0,
      "tap": 1.0,
      "phi": 0.0,
      "owner": null,
      "xcoord": null,
      "ycoord": null
    }
  ],
  "Area": [
    {
      "idx": 1,
      "u": 1.0,
      "name": "AREA1"
    }
  ],
  "GENROU": [
    {
      "idx": "GENROU_1",
      "u": 1.0,
      "name": "GENROU_1",
      "bus": 1,
      "gen": 1,
      "coi": null,
      "coi2": null,
      "Sn": 900.0,
      "Vn": 10.0,
      "fn": 50.0,
      "D": 1.0,
      "M": 10.0,
      "ra": 0.3,
      "xd1": 0.86138701,
      "kp": 0.0,
      "kw": 0.0
    },
     {
      "idx": "GENROU_3",
      "u": 1.0,
      "name": "GENROU_3",
      "bus": 3,
      "gen":3,
      "coi": null,
      "coi2": null,
      "Sn": 900.0,
      "Vn": 10.0,
      "fn": 50.0,
      "D": 1.0,
      "M": 10.0,
      "ra": 0.3,
      "xd1": 0.86138701,
      "kp": 0.0,
      "kw": 0.0
    }
  ]


}